NumLabels,TotalAverageROUGE-L,TotalAverageCosineSimilarity
10,0.5659630550866289,0.36686794915997806
20,0.5374996929335746,0.33952907282180433
30,0.5454073592082463,0.3751310842004825
40,0.5787681729289617,0.36430347592242823
50,0.6618100413060494,0.438803812604414
