NumLabels,TotalAverageROUGE-L,TotalAverageCosineSimilarity
10,0.13547913366607336,0.2188726091734354
20,0.14183107542027878,0.21125958796203848
30,0.13560815462736966,0.2156374235353916
40,0.14100258947980515,0.22511551663402543
50,0.13817223276785637,0.2159260728939575
