NumLabels,TotalAverageROUGE-L,TotalAverageCosineSimilarity
10,0.808834521064073,0.6117920674990368
20,0.8132779110802111,0.6318874995394985
30,0.8097272727655082,0.6395620274898419
40,0.8157585968150933,0.6414633483702155
50,0.8166979254059296,0.6358567754322731
