NumLabels,TotalAverageROUGE-L,TotalAverageCosineSimilarity
10,0.09450341472424251,0.3161440639016199
20,0.09915340919188584,0.3093855375272736
30,0.09965678329696634,0.3133267335678508
40,0.09739029815743284,0.3187394193130437
50,0.09630248514133086,0.30757934692853
