NumLabels,TotalAverageROUGE-L,TotalAverageCosineSimilarity
10,0.12564462294049553,0.12438996337916673
20,0.1251167351463035,0.13102095279842393
30,0.1205772562949055,0.12342163709899383
40,0.12244096631511789,0.12763286359172019
50,0.12326453934403876,0.12332158056242819
